Ticker,news_count,sentiment_score,positive_ratio,negative_ratio,neutral_ratio
MMM,10,0.0,0.1,0.1,0.8
AOS,10,0.5,0.5,0.0,0.5
ABT,10,0.7,0.7,0.0,0.3
ABBV,10,0.1,0.3,0.2,0.5
ACN,10,0.3,0.5,0.2,0.3
ADBE,10,0.1,0.3,0.2,0.5
AMD,10,0.1,0.4,0.3,0.3
AES,10,0.2,0.4,0.2,0.4
AFL,10,-0.1,0.1,0.2,0.7
A,10,0.0,0.3,0.3,0.4
APD,10,-0.6,0.0,0.6,0.4
ABNB,10,0.1,0.3,0.2,0.5
AKAM,10,0.2,0.3,0.1,0.6
ARE,10,-0.3,0.1,0.4,0.5
ALGN,10,0.5,0.6,0.1,0.3
ALLE,10,0.6,0.6,0.0,0.4
LNT,10,0.6,0.6,0.0,0.4
ALL,10,0.4,0.5,0.1,0.4
GOOGL,10,0.2,0.4,0.2,0.4
GOOG,10,0.1,0.4,0.3,0.3
MO,10,0.5,0.5,0.0,0.5
AMZN,10,0.1,0.2,0.1,0.7
AMCR,10,0.5,0.6,0.1,0.3
AEE,10,0.3,0.4,0.1,0.5
AEP,10,0.3,0.4,0.1,0.5
AXP,10,0.1,0.1,0.0,0.9
AIG,10,-0.1,0.1,0.2,0.7
AMT,10,0.1,0.2,0.1,0.7
AWK,10,0.3,0.4,0.1,0.5
AMP,10,0.4,0.4,0.0,0.6
AME,10,0.0,0.3,0.3,0.4
AMGN,10,0.3,0.4,0.1,0.5
APH,10,0.5,0.5,0.0,0.5
ADI,10,0.4,0.5,0.1,0.4
ANSS,10,0.2,0.4,0.2,0.4
AON,10,0.0,0.3,0.3,0.4
APA,10,0.1,0.3,0.2,0.5
APO,10,0.0,0.2,0.2,0.6
AAPL,10,-0.2,0.0,0.2,0.8
AMAT,10,-0.2,0.1,0.3,0.6
APTV,10,0.3,0.4,0.1,0.5
ACGL,10,-0.1,0.1,0.2,0.7
ADM,10,-0.5,0.0,0.5,0.5
ANET,10,0.1,0.3,0.2,0.5
AJG,10,0.2,0.3,0.1,0.6
AIZ,10,0.2,0.4,0.2,0.4
T,10,0.2,0.4,0.2,0.4
ATO,10,0.2,0.3,0.1,0.6
ADSK,10,0.4,0.5,0.1,0.4
ADP,10,-0.2,0.0,0.2,0.8
AZO,10,0.1,0.1,0.0,0.9
AVB,10,0.4,0.4,0.0,0.6
AVY,10,-0.2,0.2,0.4,0.4
AXON,10,0.3,0.3,0.0,0.7
BKR,10,0.1,0.3,0.2,0.5
BALL,10,0.2,0.3,0.1,0.6
BAC,10,0.4,0.5,0.1,0.4
BDX,10,-0.4,0.2,0.6,0.2
BRK-B,10,0.0,0.2,0.2,0.6
BBY,10,0.0,0.3,0.3,0.4
TECH,10,0.3,0.3,0.0,0.7
BIIB,10,0.0,0.2,0.2,0.6
BLK,10,0.1,0.3,0.2,0.5
BX,10,-0.2,0.1,0.3,0.6
BK,10,0.2,0.4,0.2,0.4
BKNG,10,-0.1,0.1,0.2,0.7
BSX,10,0.1,0.2,0.1,0.7
BMY,10,0.2,0.3,0.1,0.6
AVGO,10,0.3,0.4,0.1,0.5
BR,10,0.2,0.2,0.0,0.8
BRO,10,0.1,0.4,0.3,0.3
BF-B,10,-0.3,0.0,0.3,0.7
BLDR,10,0.2,0.3,0.1,0.6
BG,10,0.0,0.2,0.2,0.6
CHRW,10,0.2,0.4,0.2,0.4
CDNS,10,0.5,0.5,0.0,0.5
CPT,10,0.4,0.4,0.0,0.6
CPB,10,-0.3,0.2,0.5,0.3
COF,10,-0.2,0.1,0.3,0.6
CAH,10,-0.1,0.2,0.3,0.5
KMX,10,-0.1,0.1,0.2,0.7
CCL,10,0.2,0.4,0.2,0.4
CARR,10,0.6,0.6,0.0,0.4
CAT,10,0.5,0.5,0.0,0.5
CBOE,10,-0.3,0.1,0.4,0.5
CBRE,10,0.4,0.5,0.1,0.4
CDW,10,0.2,0.2,0.0,0.8
COR,10,0.4,0.4,0.0,0.6
CNC,10,0.1,0.3,0.2,0.5
CNP,10,-0.1,0.2,0.3,0.5
CF,10,0.1,0.2,0.1,0.7
SCHW,10,0.3,0.4,0.1,0.5
CHTR,10,0.3,0.3,0.0,0.7
CVX,10,0.0,0.4,0.4,0.2
CMG,10,0.1,0.3,0.2,0.5
CB,10,0.1,0.2,0.1,0.7
CHD,10,0.3,0.3,0.0,0.7
CI,10,-0.1,0.4,0.5,0.1
CINF,10,0.3,0.3,0.0,0.7
CTAS,10,0.4,0.4,0.0,0.6
CSCO,10,0.1,0.2,0.1,0.7
C,10,0.0,0.3,0.3,0.4
CFG,10,0.2,0.3,0.1,0.6
CLX,10,0.2,0.2,0.0,0.8
CME,10,0.0,0.3,0.3,0.4
CMS,10,0.2,0.3,0.1,0.6
KO,10,0.0,0.2,0.2,0.6
CTSH,10,0.3,0.4,0.1,0.5
CL,10,0.1,0.4,0.3,0.3
CMCSA,10,0.1,0.3,0.2,0.5
CAG,10,-0.5,0.0,0.5,0.5
COP,10,-0.1,0.1,0.2,0.7
ED,10,0.0,0.2,0.2,0.6
CEG,10,0.4,0.5,0.1,0.4
COO,10,0.1,0.1,0.0,0.9
CPRT,10,0.2,0.2,0.0,0.8
GLW,10,0.4,0.4,0.0,0.6
CPAY,10,0.1,0.2,0.1,0.7
CTVA,10,0.1,0.1,0.0,0.9
CSGP,10,0.7,0.7,0.0,0.3
COST,10,-0.1,0.2,0.3,0.5
CTRA,10,0.3,0.3,0.0,0.7
CSX,10,0.4,0.5,0.1,0.4
CMI,10,0.0,0.2,0.2,0.6
CVS,10,0.1,0.3,0.2,0.5
DHR,10,0.0,0.1,0.1,0.8
DRI,10,0.2,0.2,0.0,0.8
DVA,10,0.3,0.4,0.1,0.5
DAY,10,0.4,0.5,0.1,0.4
DECK,10,0.1,0.4,0.3,0.3
DE,10,0.3,0.3,0.0,0.7
DELL,10,0.4,0.4,0.0,0.6
DAL,10,0.4,0.4,0.0,0.6
DVN,10,0.3,0.4,0.1,0.5
DXCM,10,0.2,0.3,0.1,0.6
FANG,10,0.3,0.4,0.1,0.5
DLR,10,0.2,0.5,0.3,0.2
DFS,10,0.2,0.3,0.1,0.6
DG,10,0.2,0.3,0.1,0.6
DLTR,10,0.5,0.6,0.1,0.3
D,10,0.2,0.3,0.1,0.6
DPZ,10,0.2,0.4,0.2,0.4
DASH,10,0.0,0.3,0.3,0.4
DOV,10,0.5,0.5,0.0,0.5
DOW,10,-0.5,0.2,0.7,0.1
DHI,10,0.4,0.4,0.0,0.6
DTE,10,0.1,0.2,0.1,0.7
DUK,10,0.0,0.1,0.1,0.8
DD,10,0.3,0.3,0.0,0.7
EMN,10,-0.2,0.1,0.3,0.6
ETN,10,0.2,0.3,0.1,0.6
EBAY,10,0.2,0.2,0.0,0.8
ECL,10,0.7,0.7,0.0,0.3
EIX,10,0.1,0.4,0.3,0.3
EW,10,0.1,0.4,0.3,0.3
EA,10,0.4,0.5,0.1,0.4
ELV,10,-0.2,0.1,0.3,0.6
EMR,10,0.3,0.4,0.1,0.5
ENPH,10,0.0,0.3,0.3,0.4
ETR,10,-0.1,0.2,0.3,0.5
EOG,10,0.6,0.6,0.0,0.4
EPAM,10,0.3,0.5,0.2,0.3
EQT,10,0.3,0.3,0.0,0.7
EFX,10,0.2,0.2,0.0,0.8
EQIX,10,-0.3,0.1,0.4,0.5
EQR,10,0.3,0.5,0.2,0.3
ERIE,10,-0.2,0.1,0.3,0.6
ESS,10,-0.2,0.0,0.2,0.8
EG,10,0.3,0.4,0.1,0.5
EVRG,10,0.5,0.5,0.0,0.5
ES,10,0.4,0.4,0.0,0.6
EXC,10,0.0,0.4,0.4,0.2
EXPE,10,0.3,0.5,0.2,0.3
EXPD,10,0.1,0.3,0.2,0.5
EXR,10,0.2,0.3,0.1,0.6
XOM,10,0.1,0.2,0.1,0.7
FFIV,10,0.3,0.3,0.0,0.7
FDS,10,0.0,0.1,0.1,0.8
FICO,10,-0.1,0.0,0.1,0.9
FAST,10,0.5,0.6,0.1,0.3
FRT,10,0.2,0.3,0.1,0.6
FDX,10,0.1,0.3,0.2,0.5
FIS,10,0.2,0.2,0.0,0.8
FITB,10,0.3,0.4,0.1,0.5
FSLR,10,0.2,0.2,0.0,0.8
FE,10,0.2,0.3,0.1,0.6
FI,10,-0.6,0.1,0.7,0.2
F,10,0.0,0.1,0.1,0.8
FTNT,10,0.3,0.4,0.1,0.5
FTV,10,0.4,0.6,0.2,0.2
FOXA,10,0.2,0.2,0.0,0.8
FOX,10,0.0,0.2,0.2,0.6
BEN,10,0.1,0.1,0.0,0.9
FCX,10,0.2,0.2,0.0,0.8
GRMN,10,-0.2,0.1,0.3,0.6
IT,10,-0.1,0.4,0.5,0.1
GE,10,0.5,0.5,0.0,0.5
GEHC,10,0.5,0.6,0.1,0.3
GEV,10,0.4,0.5,0.1,0.4
GEN,10,0.0,0.2,0.2,0.6
GNRC,10,0.1,0.2,0.1,0.7
GD,10,0.1,0.3,0.2,0.5
GIS,10,-0.1,0.2,0.3,0.5
GM,10,-0.1,0.2,0.3,0.5
GPC,10,0.5,0.6,0.1,0.3
GILD,10,0.1,0.2,0.1,0.7
GPN,10,0.0,0.2,0.2,0.6
GL,10,-0.1,0.1,0.2,0.7
GDDY,10,-0.3,0.2,0.5,0.3
GS,10,0.5,0.5,0.0,0.5
HAL,10,0.4,0.4,0.0,0.6
HIG,10,0.2,0.3,0.1,0.6
HAS,10,-0.3,0.2,0.5,0.3
HCA,10,0.4,0.5,0.1,0.4
DOC,10,0.1,0.2,0.1,0.7
HSIC,10,0.0,0.2,0.2,0.6
HSY,10,0.2,0.3,0.1,0.6
HES,10,0.0,0.4,0.4,0.2
HPE,10,0.2,0.2,0.0,0.8
HLT,10,0.3,0.4,0.1,0.5
HOLX,10,-0.2,0.2,0.4,0.4
HD,10,-0.3,0.0,0.3,0.7
HON,10,0.0,0.2,0.2,0.6
HRL,10,0.0,0.1,0.1,0.8
HST,10,0.1,0.2,0.1,0.7
HWM,10,0.0,0.1,0.1,0.8
HPQ,10,0.2,0.4,0.2,0.4
HUBB,10,0.5,0.6,0.1,0.3
HUM,10,-0.3,0.2,0.5,0.3
HBAN,10,0.2,0.3,0.1,0.6
HII,10,0.0,0.2,0.2,0.6
IBM,10,-0.3,0.1,0.4,0.5
IEX,10,0.5,0.5,0.0,0.5
IDXX,10,0.2,0.3,0.1,0.6
ITW,10,-0.1,0.2,0.3,0.5
INCY,10,-0.3,0.1,0.4,0.5
IR,10,0.0,0.2,0.2,0.6
PODD,10,0.6,0.6,0.0,0.4
ICE,10,0.1,0.2,0.1,0.7
IP,10,0.5,0.6,0.1,0.3
IPG,10,0.2,0.2,0.0,0.8
INTU,10,0.4,0.4,0.0,0.6
ISRG,10,0.1,0.3,0.2,0.5
IVZ,10,0.3,0.5,0.2,0.3
INVH,10,0.4,0.4,0.0,0.6
IQV,10,0.5,0.6,0.1,0.3
IRM,10,0.1,0.4,0.3,0.3
JBHT,10,0.0,0.2,0.2,0.6
JBL,10,0.1,0.1,0.0,0.9
JKHY,10,0.2,0.2,0.0,0.8
J,10,0.1,0.3,0.2,0.5
JNJ,10,-0.2,0.1,0.3,0.6
JCI,10,0.6,0.6,0.0,0.4
JPM,10,0.0,0.2,0.2,0.6
JNPR,10,0.5,0.6,0.1,0.3
K,10,-0.2,0.0,0.2,0.8
KVUE,10,0.2,0.4,0.2,0.4
KDP,10,-0.1,0.1,0.2,0.7
KEYS,10,0.5,0.5,0.0,0.5
KMB,10,-0.4,0.1,0.5,0.4
KIM,10,0.3,0.4,0.1,0.5
KMI,10,0.1,0.3,0.2,0.5
KKR,10,0.1,0.3,0.2,0.5
KLAC,10,0.2,0.3,0.1,0.6
KHC,10,0.2,0.3,0.1,0.6
KR,10,-0.3,0.2,0.5,0.3
LHX,10,0.2,0.4,0.2,0.4
LH,10,0.4,0.4,0.0,0.6
LRCX,10,0.4,0.4,0.0,0.6
LW,10,0.0,0.1,0.1,0.8
LVS,10,-0.1,0.2,0.3,0.5
LDOS,10,0.3,0.3,0.0,0.7
LEN,10,-0.1,0.3,0.4,0.3
LII,10,0.2,0.4,0.2,0.4
LLY,10,0.0,0.2,0.2,0.6
LIN,10,0.0,0.1,0.1,0.8
LYV,10,0.0,0.2,0.2,0.6
LKQ,10,0.2,0.3,0.1,0.6
LMT,10,-0.3,0.2,0.5,0.3
L,10,-0.1,0.1,0.2,0.7
LOW,10,-0.6,0.1,0.7,0.2
LULU,10,0.1,0.4,0.3,0.3
LYB,10,-0.1,0.2,0.3,0.5
MTB,10,0.3,0.3,0.0,0.7
MPC,10,0.2,0.4,0.2,0.4
MKTX,10,0.3,0.3,0.0,0.7
MAR,10,0.1,0.2,0.1,0.7
MMC,10,-0.1,0.2,0.3,0.5
MLM,10,-0.2,0.1,0.3,0.6
MAS,10,0.5,0.6,0.1,0.3
MA,10,-0.1,0.0,0.1,0.9
MTCH,10,-0.2,0.1,0.3,0.6
MKC,10,-0.2,0.1,0.3,0.6
MCD,10,-0.3,0.1,0.4,0.5
MCK,10,0.2,0.2,0.0,0.8
MDT,10,0.1,0.4,0.3,0.3
MRK,10,-0.2,0.1,0.3,0.6
META,10,-0.1,0.2,0.3,0.5
MET,10,0.2,0.2,0.0,0.8
MTD,10,0.2,0.4,0.2,0.4
MGM,10,-0.1,0.2,0.3,0.5
MU,10,0.0,0.2,0.2,0.6
MSFT,10,0.4,0.4,0.0,0.6
MAA,10,0.2,0.3,0.1,0.6
MHK,10,-0.1,0.2,0.3,0.5
MOH,10,-0.3,0.2,0.5,0.3
TAP,10,0.3,0.4,0.1,0.5
MDLZ,10,0.6,0.7,0.1,0.2
MPWR,10,0.3,0.4,0.1,0.5
MNST,10,0.3,0.5,0.2,0.3
MCO,10,0.2,0.2,0.0,0.8
MS,10,0.2,0.2,0.0,0.8
MOS,10,0.2,0.3,0.1,0.6
MSI,10,0.3,0.5,0.2,0.3
MSCI,10,0.1,0.3,0.2,0.5
NDAQ,10,0.1,0.1,0.0,0.9
NTAP,10,0.4,0.5,0.1,0.4
NFLX,10,0.6,0.6,0.0,0.4
NEM,10,0.0,0.3,0.3,0.4
NWSA,10,0.3,0.4,0.1,0.5
NWS,10,0.0,0.2,0.2,0.6
NEE,10,0.2,0.3,0.1,0.6
NKE,10,-0.2,0.2,0.4,0.4
NI,10,0.3,0.3,0.0,0.7
NDSN,10,-0.1,0.2,0.3,0.5
NSC,10,0.4,0.4,0.0,0.6
NTRS,10,0.4,0.4,0.0,0.6
NOC,10,0.2,0.4,0.2,0.4
NCLH,10,-0.2,0.3,0.5,0.2
NRG,10,0.8,0.8,0.0,0.2
NUE,10,0.2,0.3,0.1,0.6
NVDA,10,-0.2,0.2,0.4,0.4
NVR,10,0.0,0.1,0.1,0.8
NXPI,10,0.1,0.4,0.3,0.3
ORLY,10,0.5,0.5,0.0,0.5
OXY,10,0.3,0.4,0.1,0.5
ODFL,10,0.0,0.3,0.3,0.4
OMC,10,0.1,0.3,0.2,0.5
ON,10,0.0,0.3,0.3,0.4
OKE,10,0.0,0.2,0.2,0.6
ORCL,10,0.1,0.4,0.3,0.3
OTIS,10,-0.1,0.2,0.3,0.5
PCAR,10,-0.1,0.3,0.4,0.3
PKG,10,-0.4,0.1,0.5,0.4
PLTR,10,0.3,0.4,0.1,0.5
PANW,10,0.1,0.2,0.1,0.7
PH,10,0.2,0.4,0.2,0.4
PAYX,10,-0.1,0.0,0.1,0.9
PAYC,10,0.4,0.5,0.1,0.4
PYPL,10,0.0,0.2,0.2,0.6
PNR,10,0.4,0.5,0.1,0.4
PEP,10,-0.2,0.0,0.2,0.8
PFE,10,0.2,0.2,0.0,0.8
PCG,10,0.4,0.4,0.0,0.6
PM,10,0.5,0.5,0.0,0.5
PSX,10,0.1,0.2,0.1,0.7
PNW,10,0.2,0.3,0.1,0.6
PNC,10,0.4,0.4,0.0,0.6
POOL,10,0.0,0.2,0.2,0.6
PPG,10,0.3,0.4,0.1,0.5
PPL,10,0.1,0.2,0.1,0.7
PFG,10,0.2,0.4,0.2,0.4
PG,10,-0.2,0.2,0.4,0.4
PGR,10,0.2,0.3,0.1,0.6
PLD,10,0.4,0.4,0.0,0.6
PRU,10,0.1,0.3,0.2,0.5
PEG,10,0.0,0.1,0.1,0.8
PTC,10,0.0,0.3,0.3,0.4
PSA,10,0.1,0.2,0.1,0.7
PHM,10,0.0,0.2,0.2,0.6
PWR,10,-0.1,0.2,0.3,0.5
QCOM,10,0.0,0.3,0.3,0.4
DGX,10,0.5,0.5,0.0,0.5
RL,10,-0.1,0.2,0.3,0.5
RJF,10,0.0,0.2,0.2,0.6
RTX,10,0.2,0.2,0.0,0.8
O,10,0.1,0.2,0.1,0.7
REG,10,0.0,0.0,0.0,1.0
REGN,10,0.4,0.7,0.3,0.0
RF,10,0.1,0.1,0.0,0.9
RSG,10,0.3,0.4,0.1,0.5
RMD,10,0.2,0.4,0.2,0.4
RVTY,10,0.3,0.5,0.2,0.3
ROK,10,0.6,0.6,0.0,0.4
ROL,10,0.0,0.0,0.0,1.0
ROP,10,0.5,0.6,0.1,0.3
ROST,10,0.4,0.4,0.0,0.6
RCL,10,0.5,0.5,0.0,0.5
SPGI,10,0.0,0.1,0.1,0.8
CRM,10,0.3,0.4,0.1,0.5
SBAC,10,0.3,0.3,0.0,0.7
SLB,10,-0.2,0.2,0.4,0.4
STX,10,0.4,0.5,0.1,0.4
SRE,10,-0.1,0.1,0.2,0.7
NOW,10,-0.1,0.1,0.2,0.7
SHW,10,0.4,0.4,0.0,0.6
SPG,10,0.1,0.3,0.2,0.5
SWKS,10,0.1,0.3,0.2,0.5
SW,10,0.1,0.2,0.1,0.7
SNA,10,-0.1,0.1,0.2,0.7
SOLV,10,0.3,0.4,0.1,0.5
SO,10,0.0,0.3,0.3,0.4
LUV,10,0.2,0.4,0.2,0.4
SWK,10,0.5,0.5,0.0,0.5
SBUX,10,0.0,0.3,0.3,0.4
STT,10,0.4,0.4,0.0,0.6
STLD,10,-0.1,0.2,0.3,0.5
STE,10,0.5,0.5,0.0,0.5
SYK,10,-0.2,0.0,0.2,0.8
SMCI,10,-0.1,0.2,0.3,0.5
SYF,10,0.2,0.3,0.1,0.6
SNPS,10,0.3,0.4,0.1,0.5
SYY,10,0.1,0.4,0.3,0.3
TMUS,10,-0.1,0.3,0.4,0.3
TROW,10,0.1,0.2,0.1,0.7
TPR,10,0.2,0.3,0.1,0.6
TRGP,10,0.3,0.5,0.2,0.3
TGT,10,-0.1,0.2,0.3,0.5
TEL,10,0.1,0.2,0.1,0.7
TDY,10,0.1,0.1,0.0,0.9
TER,10,-0.3,0.1,0.4,0.5
TSLA,10,0.1,0.2,0.1,0.7
TXN,10,0.4,0.5,0.1,0.4
TPL,10,0.0,0.0,0.0,1.0
TXT,10,0.3,0.3,0.0,0.7
TMO,10,0.3,0.4,0.1,0.5
TJX,10,0.1,0.3,0.2,0.5
TKO,10,0.2,0.4,0.2,0.4
TSCO,10,-0.2,0.1,0.3,0.6
TT,10,0.5,0.5,0.0,0.5
TDG,10,0.5,0.5,0.0,0.5
TRV,10,0.3,0.3,0.0,0.7
TRMB,10,0.2,0.2,0.0,0.8
TYL,10,-0.2,0.1,0.3,0.6
TSN,10,-0.1,0.3,0.4,0.3
USB,10,0.2,0.3,0.1,0.6
UBER,10,0.2,0.4,0.2,0.4
UDR,10,-0.1,0.1,0.2,0.7
ULTA,10,0.3,0.4,0.1,0.5
UNP,10,-0.1,0.1,0.2,0.7
UAL,10,0.4,0.4,0.0,0.6
UPS,10,-0.1,0.1,0.2,0.7
URI,10,0.4,0.5,0.1,0.4
UNH,10,-0.8,0.0,0.8,0.2
UHS,10,0.2,0.2,0.0,0.8
VLO,10,0.2,0.3,0.1,0.6
VTR,10,0.2,0.2,0.0,0.8
VLTO,10,0.5,0.5,0.0,0.5
VRSN,10,0.0,0.2,0.2,0.6
VRSK,10,0.6,0.6,0.0,0.4
VZ,10,0.0,0.2,0.2,0.6
VICI,10,0.1,0.2,0.1,0.7
V,10,0.1,0.3,0.2,0.5
VST,10,0.6,0.6,0.0,0.4
VMC,10,0.2,0.3,0.1,0.6
WRB,10,0.3,0.4,0.1,0.5
GWW,10,0.1,0.2,0.1,0.7
WAB,10,0.0,0.1,0.1,0.8
WMT,10,0.0,0.4,0.4,0.2
DIS,10,-0.1,0.1,0.2,0.7
WM,10,-0.4,0.0,0.4,0.6
WAT,10,0.1,0.2,0.1,0.7
WEC,10,0.3,0.3,0.0,0.7
WFC,10,0.2,0.2,0.0,0.8
WELL,10,-0.1,0.1,0.2,0.7
WST,10,-0.5,0.0,0.5,0.5
WDC,10,0.2,0.4,0.2,0.4
WY,10,-0.1,0.2,0.3,0.5
WSM,10,0.1,0.2,0.1,0.7
WMB,10,0.1,0.2,0.1,0.7
WDAY,10,-0.2,0.1,0.3,0.6
WYNN,10,0.3,0.3,0.0,0.7
XEL,10,0.1,0.4,0.3,0.3
XYL,10,0.2,0.2,0.0,0.8
YUM,10,0.1,0.3,0.2,0.5
ZBRA,10,0.5,0.5,0.0,0.5
ZBH,10,0.0,0.3,0.3,0.4
ZTS,10,0.0,0.1,0.1,0.8
ALB,10,0.2,0.3,0.1,0.6
BA,10,0.2,0.4,0.2,0.4
BAX,10,0.2,0.2,0.0,0.8
BXP,10,-0.2,0.1,0.3,0.6
CCI,10,0.2,0.4,0.2,0.4
CRWD,10,0.2,0.4,0.2,0.4
CZR,10,0.3,0.3,0.0,0.7
EL,10,-0.1,0.1,0.2,0.7
EXE,10,0.5,0.5,0.0,0.5
INTC,10,-0.6,0.1,0.7,0.2
KEY,10,-0.2,0.1,0.3,0.6
MRNA,10,0.2,0.4,0.2,0.4
PARA,10,0.0,0.3,0.3,0.4
SJM,10,0.1,0.2,0.1,0.7
STZ,10,0.2,0.3,0.1,0.6
TFC,10,0.1,0.3,0.2,0.5
TTWO,10,-0.1,0.2,0.3,0.5
VRTX,10,0.1,0.4,0.3,0.3
VTRS,10,0.0,0.2,0.2,0.6
WBA,10,0.5,0.6,0.1,0.3
WBD,10,-0.3,0.1,0.4,0.5
WTW,10,0.0,0.1,0.1,0.8
ACA.PA,10,0.0,0.2,0.2,0.6
AI.PA,10,0.3,0.5,0.2,0.3
AIR.PA,10,0.3,0.4,0.1,0.5
ALO.PA,10,0.2,0.4,0.2,0.4
BN.PA,10,0.2,0.3,0.1,0.6
BNP.PA,10,0.0,0.4,0.4,0.2
CA.PA,10,0.2,0.3,0.1,0.6
CAP.PA,10,0.1,0.2,0.1,0.7
CS.PA,10,0.1,0.2,0.1,0.7
EL.PA,10,0.1,0.2,0.1,0.7
EN.PA,10,0.1,0.2,0.1,0.7
ENGI.PA,10,-0.1,0.3,0.4,0.3
FR.PA,10,0.0,0.1,0.1,0.8
GLE.PA,10,0.2,0.2,0.0,0.8
HO.PA,9,-0.222,0.11,0.33,0.56
KER.PA,10,-0.3,0.2,0.5,0.3
LR.PA,2,0.0,0.0,0.0,1.0
MC.PA,10,-0.2,0.2,0.4,0.4
ML.PA,10,0.0,0.1,0.1,0.8
MT.AS,10,0.0,0.4,0.4,0.2
OR.PA,10,-0.1,0.0,0.1,0.9
ORA.PA,10,-0.1,0.2,0.3,0.5
PUB.PA,10,-0.1,0.1,0.2,0.7
RI.PA,10,-0.1,0.0,0.1,0.9
RMS.PA,10,0.0,0.3,0.3,0.4
RNO.PA,10,0.1,0.2,0.1,0.7
SAF.PA,10,0.3,0.4,0.1,0.5
SAN.PA,10,0.0,0.2,0.2,0.6
SGO.PA,8,0.25,0.25,0.0,0.75
STMPA.PA,10,-0.1,0.2,0.3,0.5
SU.PA,10,0.2,0.4,0.2,0.4
SW.PA,10,-0.2,0.0,0.2,0.8
TTE.PA,10,0.5,0.5,0.0,0.5
VIE.PA,10,0.1,0.2,0.1,0.7
VIV.PA,10,0.3,0.5,0.2,0.3
9202.T,5,0.6,0.6,0.0,0.4
9201.T,9,0.0,0.11,0.11,0.78
7267.T,10,-0.4,0.1,0.5,0.4
7202.T,3,-0.333,0.0,0.33,0.67
7261.T,10,-0.1,0.2,0.3,0.5
7211.T,10,0.2,0.4,0.2,0.4
7270.T,10,0.0,0.3,0.3,0.4
7269.T,10,0.6,0.6,0.0,0.4
7203.T,10,-0.7,0.0,0.7,0.3
7272.T,6,0.0,0.33,0.33,0.33
8304.T,1,0.0,0.0,0.0,1.0
8331.T,0,,,,
7186.T,0,,,,
8354.T,1,1.0,1.0,0.0,0.0
8306.T,10,-0.3,0.1,0.4,0.5
8411.T,10,-0.1,0.1,0.2,0.7
8308.T,1,0.0,0.0,0.0,1.0
5831.T,0,,,,
8316.T,10,-0.1,0.2,0.3,0.5
3407.T,5,0.0,0.0,0.0,1.0
4631.T,2,0.5,0.5,0.0,0.5
4901.T,9,-0.111,0.0,0.11,0.89
4452.T,1,-1.0,0.0,1.0,0.0
3405.T,1,0.0,0.0,0.0,1.0
4188.T,2,-0.5,0.0,0.5,0.5
4183.T,2,0.5,0.5,0.0,0.5
4021.T,3,0.333,0.33,0.0,0.67
6988.T,1,0.0,0.0,0.0,1.0
4004.T,4,0.75,0.75,0.0,0.25
4063.T,2,-0.5,0.0,0.5,0.5
4005.T,4,0.25,0.5,0.25,0.25
4043.T,1,-1.0,0.0,1.0,0.0
4042.T,2,0.0,0.0,0.0,1.0
9433.T,4,0.25,0.25,0.0,0.75
9432.T,9,-0.222,0.0,0.22,0.78
9613.T,8,0.5,0.5,0.0,0.5
9434.T,10,0.2,0.2,0.0,0.8
9984.T,10,0.0,0.4,0.4,0.2
1721.T,2,0.0,0.0,0.0,1.0
1925.T,10,0.2,0.3,0.1,0.6
1808.T,5,0.8,0.8,0.0,0.2
1812.T,5,0.0,0.0,0.0,1.0
1802.T,10,0.0,0.1,0.1,0.8
1928.T,10,-0.1,0.0,0.1,0.9
1803.T,4,0.0,0.25,0.25,0.5
1801.T,2,-0.5,0.0,0.5,0.5
6857.T,10,0.0,0.5,0.5,0.0
6770.T,4,-0.25,0.0,0.25,0.75
7751.T,8,0.125,0.12,0.0,0.88
6952.T,3,0.0,0.0,0.0,1.0
6902.T,10,0.3,0.5,0.2,0.3
6954.T,8,-0.125,0.25,0.38,0.38
6504.T,1,-1.0,0.0,1.0,0.0
6702.T,1,0.0,0.0,0.0,1.0
6674.T,3,0.0,0.33,0.33,0.33
6861.T,3,-0.333,0.33,0.67,0.0
6971.T,2,0.5,0.5,0.0,0.5
6920.T,4,0.0,0.25,0.25,0.5
6479.T,2,-0.5,0.0,0.5,0.5
6981.T,7,-0.286,0.0,0.29,0.71
6594.T,5,0.0,0.2,0.2,0.6
6703.T,1,-1.0,0.0,1.0,0.0
6645.T,3,-0.333,0.33,0.67,0.0
6752.T,10,0.2,0.4,0.2,0.4
6723.T,4,0.25,0.5,0.25,0.25
7752.T,4,0.0,0.0,0.0,1.0
7735.T,3,0.0,0.33,0.33,0.33
6724.T,2,0.0,0.5,0.5,0.0
6758.T,10,-0.2,0.0,0.2,0.8
6976.T,1,0.0,0.0,0.0,1.0
6762.T,3,0.0,0.0,0.0,1.0
8035.T,10,-0.3,0.2,0.5,0.3
6506.T,4,-0.5,0.0,0.5,0.5
6841.T,0,,,,
9502.T,2,-0.5,0.0,0.5,0.5
9503.T,3,0.333,0.33,0.0,0.67
9501.T,2,-0.5,0.0,0.5,0.5
1332.T,3,0.333,0.33,0.0,0.67
2802.T,2,-1.0,0.0,1.0,0.0
2914.T,10,0.2,0.3,0.1,0.6
2801.T,5,0.0,0.0,0.0,1.0
2503.T,9,0.111,0.11,0.0,0.89
2269.T,2,1.0,1.0,0.0,0.0
2871.T,2,0.0,0.0,0.0,1.0
2282.T,0,,,,
2002.T,10,-0.1,0.1,0.2,0.7
2531.T,3,-0.333,0.0,0.33,0.67
9532.T,3,0.333,0.33,0.0,0.67
9531.T,5,0.2,0.2,0.0,0.8
5333.T,1,0.0,0.0,0.0,1.0
5232.T,1,0.0,0.0,0.0,1.0
5233.T,3,0.0,0.0,0.0,1.0
5332.T,0,,,,
8725.T,6,0.333,0.5,0.17,0.33
8630.T,10,0.0,0.0,0.0,1.0
8795.T,0,,,,
8766.T,4,-0.25,0.0,0.25,0.75
9064.T,1,-1.0,0.0,1.0,0.0
6113.T,1,0.0,0.0,0.0,1.0
6367.T,5,0.0,0.2,0.2,0.6
6361.T,1,1.0,1.0,0.0,0.0
6305.T,2,0.5,0.5,0.0,0.5
7004.T,2,-0.5,0.0,0.5,0.5
7013.T,5,0.0,0.2,0.2,0.6
5631.T,2,-1.0,0.0,1.0,0.0
6473.T,4,0.25,0.25,0.0,0.75
6326.T,3,-0.333,0.0,0.33,0.67
7011.T,10,-0.2,0.1,0.3,0.6
6471.T,0,,,,
6103.T,2,-0.5,0.0,0.5,0.5
6302.T,3,0.0,0.0,0.0,1.0
9107.T,3,0.0,0.0,0.0,1.0
9104.T,4,0.0,0.25,0.25,0.5
9101.T,5,0.2,0.2,0.0,0.8
1605.T,8,-0.125,0.0,0.12,0.88
5714.T,0,,,,
5803.T,7,0.429,0.43,0.0,0.57
5801.T,4,-0.25,0.25,0.5,0.25
5711.T,10,-0.2,0.0,0.2,0.8
5706.T,0,,,,
3436.T,3,0.333,0.33,0.0,0.67
5802.T,5,-0.2,0.2,0.4,0.4
5713.T,3,1.0,1.0,0.0,0.0
8253.T,1,-1.0,0.0,1.0,0.0
8697.T,0,,,,
8591.T,7,0.0,0.0,0.0,1.0
7832.T,3,0.0,0.33,0.33,0.33
7912.T,1,1.0,1.0,0.0,0.0
7911.T,3,0.333,0.67,0.33,0.0
7951.T,4,0.0,0.0,0.0,1.0
5020.T,3,0.333,0.33,0.0,0.67
5019.T,1,0.0,0.0,0.0,1.0
4503.T,8,0.375,0.38,0.0,0.62
4519.T,3,0.333,0.67,0.33,0.0
4568.T,10,0.3,0.4,0.1,0.5
4523.T,9,0.111,0.33,0.22,0.44
4578.T,5,0.2,0.2,0.0,0.8
4506.T,7,0.143,0.14,0.0,0.86
4507.T,2,0.0,0.5,0.5,0.0
4502.T,10,0.2,0.3,0.1,0.6
7762.T,0,,,,
7741.T,1,0.0,0.0,0.0,1.0
7731.T,2,-0.5,0.0,0.5,0.5
7733.T,2,0.5,0.5,0.0,0.5
4543.T,2,0.0,0.0,0.0,1.0
3863.T,3,0.0,0.0,0.0,1.0
3861.T,3,-0.333,0.0,0.33,0.67
9022.T,4,-0.5,0.0,0.5,0.5
9020.T,4,0.25,0.25,0.0,0.75
9008.T,2,-0.5,0.0,0.5,0.5
9009.T,2,0.5,0.5,0.0,0.5
9007.T,3,0.333,0.33,0.0,0.67
9001.T,6,-0.333,0.17,0.5,0.33
9021.T,1,0.0,0.0,0.0,1.0
8802.T,0,,,,
8830.T,4,-0.25,0.25,0.5,0.25
8804.T,3,0.0,0.0,0.0,1.0
3289.T,1,0.0,0.0,0.0,1.0
8267.T,3,0.0,0.33,0.33,0.33
9983.T,10,-0.1,0.3,0.4,0.3
3099.T,2,0.5,0.5,0.0,0.5
3086.T,6,-0.167,0.17,0.33,0.5
8252.T,2,-0.5,0.0,0.5,0.5
9843.T,0,,,,
3382.T,10,-0.5,0.1,0.6,0.3
8233.T,3,0.0,0.0,0.0,1.0
5108.T,6,-0.333,0.0,0.33,0.67
5101.T,6,0.0,0.33,0.33,0.33
8601.T,8,0.375,0.5,0.12,0.38
8604.T,10,-0.1,0.2,0.3,0.5
4751.T,7,0.286,0.43,0.14,0.43
2432.T,6,0.333,0.33,0.0,0.67
6178.T,4,0.0,0.25,0.25,0.5
9766.T,1,0.0,0.0,0.0,1.0
4689.T,4,0.0,0.0,0.0,1.0
4385.T,5,0.6,0.6,0.0,0.4
2413.T,2,0.0,0.0,0.0,1.0
3659.T,3,0.0,0.33,0.33,0.33
7974.T,10,-0.3,0.1,0.4,0.5
4661.T,2,0.0,0.0,0.0,1.0
6098.T,3,0.667,0.67,0.0,0.33
9735.T,2,0.0,0.0,0.0,1.0
9602.T,1,-1.0,0.0,1.0,0.0
7012.T,5,-0.2,0.0,0.2,0.8
5411.T,1,0.0,0.0,0.0,1.0
5406.T,4,-0.5,0.0,0.5,0.5
5401.T,10,-0.3,0.0,0.3,0.7
3402.T,9,0.222,0.33,0.11,0.56
8001.T,10,0.4,0.5,0.1,0.4
8002.T,10,0.1,0.3,0.2,0.5
8058.T,10,0.0,0.2,0.2,0.6
8031.T,10,-0.1,0.2,0.3,0.5
2768.T,6,-0.333,0.0,0.33,0.67
8053.T,10,0.1,0.3,0.2,0.5
9301.T,1,0.0,0.0,0.0,1.0
AAON,10,0.4,0.4,0.0,0.6
ACAD,10,0.6,0.6,0.0,0.4
ACIW,10,0.0,0.1,0.1,0.8
ADC,10,0.3,0.4,0.1,0.5
ADMA,10,0.1,0.3,0.2,0.5
AGO,10,0.1,0.3,0.2,0.5
ALVO,10,0.2,0.2,0.0,0.8
APPF,10,-0.4,0.1,0.5,0.4
AROC,10,0.2,0.3,0.1,0.6
ATAT,10,0.2,0.3,0.1,0.6
ATGE,10,0.4,0.5,0.1,0.4
AUB,10,0.0,0.2,0.2,0.6
AWI,10,0.2,0.4,0.2,0.4
AYI,10,0.0,0.1,0.1,0.8
BKH,10,0.5,0.5,0.0,0.5
BMI,10,0.4,0.5,0.1,0.4
BRBR,10,0.1,0.4,0.3,0.3
BRC,10,0.0,0.3,0.3,0.4
BUR,10,0.3,0.4,0.1,0.5
BVN,10,0.2,0.4,0.2,0.4
BZ,10,0.0,0.2,0.2,0.6
CAAP,10,-0.1,0.0,0.1,0.9
CALM,10,0.0,0.0,0.0,1.0
CAMT,10,0.1,0.4,0.3,0.3
CDE,10,-0.4,0.1,0.5,0.4
CHRD,10,0.3,0.4,0.1,0.5
CNS,10,0.0,0.2,0.2,0.6
COCO,10,-0.2,0.1,0.3,0.6
CPK,10,0.1,0.3,0.2,0.5
CPRX,10,0.7,0.7,0.0,0.3
CRC,10,0.4,0.4,0.0,0.6
CRUS,10,0.4,0.4,0.0,0.6
CRVL,10,0.0,0.1,0.1,0.8
CSWI,10,-0.1,0.1,0.2,0.7
CTRE,10,0.6,0.6,0.0,0.4
CWAN,10,0.0,0.2,0.2,0.6
DAVE,10,0.8,0.8,0.0,0.2
DLO,10,0.8,0.8,0.0,0.2
DOCN,10,0.1,0.4,0.3,0.3
DOCS,10,-0.7,0.1,0.8,0.1
DSGX,10,0.3,0.4,0.1,0.5
EGO,10,0.2,0.3,0.1,0.6
EGP,10,0.1,0.1,0.0,0.9
EPRT,10,0.0,0.2,0.2,0.6
EQX,10,0.3,0.4,0.1,0.5
EVR,10,0.1,0.3,0.2,0.5
EVTC,10,0.2,0.2,0.0,0.8
EXLS,10,0.0,0.1,0.1,0.8
FFIN,10,0.2,0.3,0.1,0.6
FN,10,0.2,0.3,0.1,0.6
FTDR,10,-0.2,0.1,0.3,0.6
FULT,10,0.1,0.2,0.1,0.7
GATX,10,0.3,0.3,0.0,0.7
GRBK,10,0.4,0.4,0.0,0.6
HALO,10,-0.2,0.2,0.4,0.4
HG,10,-0.2,0.3,0.5,0.2
HHH,10,0.2,0.2,0.0,0.8
HLNE,10,0.2,0.4,0.2,0.4
HMY,10,0.0,0.2,0.2,0.6
HRMY,10,0.6,0.6,0.0,0.4
IAG,10,0.1,0.3,0.2,0.5
KRYS,10,0.2,0.4,0.2,0.4
LRN,10,0.2,0.2,0.0,0.8
MC,10,-0.2,0.0,0.2,0.8
MGEE,10,0.5,0.5,0.0,0.5
MLI,10,0.0,0.0,0.0,1.0
MQ,10,0.2,0.3,0.1,0.6
MTDR,10,0.0,0.3,0.3,0.4
NE,10,0.1,0.3,0.2,0.5
NJR,10,0.3,0.5,0.2,0.3
NMIH,10,0.0,0.1,0.1,0.8
NVMI,10,0.3,0.5,0.2,0.3
NXT,10,0.4,0.7,0.3,0.0
ODD,10,0.1,0.4,0.3,0.3
OGE,10,0.0,0.1,0.1,0.8
OGS,10,-0.1,0.1,0.2,0.7
ONTO,10,0.6,0.6,0.0,0.4
OR,10,0.4,0.4,0.0,0.6
PAAS,10,0.1,0.2,0.1,0.7
PECO,10,0.4,0.4,0.0,0.6
PEGA,10,0.5,0.6,0.1,0.3
PFS,10,0.2,0.3,0.1,0.6
PLMR,10,0.5,0.5,0.0,0.5
PLNT,10,0.4,0.6,0.2,0.2
PRDO,10,0.2,0.3,0.1,0.6
PTCT,10,0.1,0.3,0.2,0.5
REXR,10,0.2,0.4,0.2,0.4
RHP,10,0.2,0.3,0.1,0.6
RITM,10,0.1,0.2,0.1,0.7
RMBS,10,0.3,0.3,0.0,0.7
RRC,10,0.2,0.3,0.1,0.6
SAND,10,0.4,0.4,0.0,0.6
SEZL,10,-0.1,0.2,0.3,0.5
SKWD,10,0.3,0.3,0.0,0.7
SM,10,0.0,0.1,0.1,0.8
SMPL,10,0.3,0.5,0.2,0.3
SPSC,10,0.1,0.4,0.3,0.3
SSB,10,0.3,0.4,0.1,0.5
SYBT,10,0.1,0.3,0.2,0.5
SYNA,10,0.0,0.2,0.2,0.6
TBBK,10,0.2,0.3,0.1,0.6
TGLS,10,0.6,0.6,0.0,0.4
TGS,10,0.6,0.6,0.0,0.4
TGTX,10,0.0,0.4,0.4,0.2
TMDX,10,0.3,0.4,0.1,0.5
TMHC,10,0.0,0.3,0.3,0.4
TRNO,10,0.2,0.4,0.2,0.4
TXNM,10,0.2,0.2,0.0,0.8
UMBF,10,0.2,0.3,0.1,0.6
VAL,10,0.0,0.0,0.0,1.0
VIRT,10,-0.1,0.1,0.2,0.7
VIST,10,0.5,0.6,0.1,0.3
VNOM,10,0.4,0.4,0.0,0.6
WH,10,0.2,0.4,0.2,0.4
WING,10,0.5,0.5,0.0,0.5
YOU,10,0.0,0.0,0.0,1.0
ZIM,10,0.1,0.3,0.2,0.5
AA,10,-0.2,0.0,0.2,0.8
ABCB,10,0.2,0.3,0.1,0.6
AEG,10,0.2,0.3,0.1,0.6
AER,10,0.7,0.7,0.0,0.3
AGRO,10,0.2,0.4,0.2,0.4
AL,10,0.0,0.1,0.1,0.8
AMAL,10,0.1,0.1,0.0,0.9
AMG,10,0.5,0.6,0.1,0.3
ANGI,10,0.2,0.4,0.2,0.4
AOMR,10,0.2,0.3,0.1,0.6
ARDT,10,0.7,0.7,0.0,0.3
ASIX,10,0.1,0.1,0.0,0.9
ATHM,10,0.0,0.1,0.1,0.8
AVA,10,0.1,0.2,0.1,0.7
AVAL,10,0.4,0.4,0.0,0.6
AVTR,10,-0.1,0.2,0.3,0.5
AXS,10,0.5,0.5,0.0,0.5
B,10,0.7,0.7,0.0,0.3
BANR,10,0.3,0.4,0.1,0.5
BAP,10,0.4,0.4,0.0,0.6
BBAR,10,0.3,0.4,0.1,0.5
BBD,10,0.6,0.6,0.0,0.4
BCS,10,0.0,0.1,0.1,0.8
BFST,10,0.0,0.0,0.0,1.0
BHLB,10,0.1,0.2,0.1,0.7
BKU,10,0.2,0.3,0.1,0.6
BLX,10,0.2,0.3,0.1,0.6
BMO,10,0.3,0.5,0.2,0.3
BNS,10,0.2,0.3,0.1,0.6
BPOP,10,0.3,0.3,0.0,0.7
BTE,10,0.1,0.3,0.2,0.5
CADE,10,0.7,0.7,0.0,0.3
CARS,10,0.3,0.4,0.1,0.5
CATY,10,0.4,0.4,0.0,0.6
CBU,10,0.3,0.4,0.1,0.5
CENT,10,0.3,0.4,0.1,0.5
CENTA,10,0.3,0.3,0.0,0.7
CFFN,10,0.3,0.3,0.0,0.7
CIM,10,0.7,0.7,0.0,0.3
CM,10,0.4,0.4,0.0,0.6
CMA,10,-0.3,0.0,0.3,0.7
CMRE,10,0.2,0.2,0.0,0.8
CNDT,10,-0.2,0.0,0.2,0.8
CNMD,10,0.3,0.3,0.0,0.7
CNXC,10,0.2,0.2,0.0,0.8
COOP,10,0.2,0.5,0.3,0.2
CPF,10,0.0,0.0,0.0,1.0
CUBI,10,0.1,0.3,0.2,0.5
CVBF,10,0.3,0.3,0.0,0.7
CWK,10,0.2,0.4,0.2,0.4
CX,10,0.3,0.6,0.3,0.1
CYD,10,0.3,0.3,0.0,0.7
DB,10,0.2,0.2,0.0,0.8
DGICA,10,0.0,0.1,0.1,0.8
DLX,10,0.0,0.2,0.2,0.6
DOLE,10,0.2,0.4,0.2,0.4
DX,10,0.2,0.3,0.1,0.6
EBF,10,0.1,0.1,0.0,0.9
EBR,10,0.0,0.1,0.1,0.8
EFC,10,0.4,0.4,0.0,0.6
EFSC,10,0.3,0.3,0.0,0.7
EFXT,10,0.0,0.2,0.2,0.6
EIC,10,0.1,0.1,0.0,0.9
ESNT,10,0.6,0.6,0.0,0.4
ET,10,-0.3,0.2,0.5,0.3
EWBC,10,0.0,0.1,0.1,0.8
EZPW,10,0.4,0.5,0.1,0.4
FBK,10,0.2,0.3,0.1,0.6
FBP,10,0.2,0.3,0.1,0.6
FBRT,10,0.3,0.3,0.0,0.7
FDP,10,0.2,0.2,0.0,0.8
FFBC,10,0.3,0.4,0.1,0.5
FHB,10,0.3,0.3,0.0,0.7
FHN,10,0.0,0.1,0.1,0.8
FIBK,10,0.2,0.4,0.2,0.4
FINV,10,0.4,0.4,0.0,0.6
FLR,10,-0.4,0.2,0.6,0.2
FNB,10,0.3,0.3,0.0,0.7
FRME,10,0.2,0.2,0.0,0.8
FRO,10,0.0,0.2,0.2,0.6
FSM,10,0.3,0.3,0.0,0.7
FTS,10,0.6,0.6,0.0,0.4
GAIN,10,0.6,0.8,0.2,0.0
GBX,10,0.0,0.1,0.1,0.8
GILT,10,0.6,0.6,0.0,0.4
GLDD,10,-0.1,0.1,0.2,0.7
GLRE,10,0.0,0.0,0.0,1.0
GPI,10,0.2,0.2,0.0,0.8
GT,10,0.2,0.4,0.2,0.4
HAFC,10,0.0,0.1,0.1,0.8
HBNC,10,0.7,0.7,0.0,0.3
HFWA,10,0.0,0.0,0.0,1.0
HIW,10,0.1,0.1,0.0,0.9
HKPD,5,0.2,0.2,0.0,0.8
HLX,10,0.4,0.4,0.0,0.6
HMC,10,-0.3,0.2,0.5,0.3
HMN,10,0.2,0.2,0.0,0.8
HOMB,10,0.4,0.4,0.0,0.6
HONE,10,0.0,0.2,0.2,0.6
HSBC,10,0.6,0.6,0.0,0.4
HSHP,10,0.1,0.1,0.0,0.9
HTBK,10,0.0,0.1,0.1,0.8
HTO,10,0.0,0.0,0.0,1.0
HVT,10,0.0,0.1,0.1,0.8
HWC,10,0.3,0.4,0.1,0.5
IBCP,10,0.3,0.3,0.0,0.7
IFS,10,0.1,0.2,0.1,0.7
IIIV,10,0.2,0.3,0.1,0.6
INDB,10,0.3,0.4,0.1,0.5
INGM,10,0.4,0.4,0.0,0.6
INTR,10,-0.3,0.1,0.4,0.5
IQ,10,0.0,0.2,0.2,0.6
IX,10,0.1,0.1,0.0,0.9
JD,10,0.0,0.3,0.3,0.4
KB,10,0.4,0.5,0.1,0.4
KEP,10,0.0,0.2,0.2,0.6
KFY,10,0.3,0.4,0.1,0.5
KGEI,10,0.7,0.7,0.0,0.3
KMPR,10,0.5,0.5,0.0,0.5
KOF,10,0.2,0.4,0.2,0.4
KRO,10,-0.4,0.0,0.4,0.6
LAD,10,0.2,0.4,0.2,0.4
LCII,10,-0.2,0.1,0.3,0.6
LNC,10,0.2,0.4,0.2,0.4
LOMA,10,0.3,0.4,0.1,0.5
LX,10,0.5,0.6,0.1,0.3
LXFR,10,0.4,0.4,0.0,0.6
MCB,10,0.2,0.3,0.1,0.6
MDU,10,0.3,0.4,0.1,0.5
MFC,10,0.3,0.3,0.0,0.7
MFG,10,-0.1,0.1,0.2,0.7
MITT,10,0.4,0.4,0.0,0.6
MNR,10,-0.1,0.1,0.2,0.7
MOMO,10,-0.4,0.0,0.4,0.6
MOV,10,0.1,0.2,0.1,0.7
MPB,10,0.2,0.2,0.0,0.8
MT,10,0.2,0.3,0.1,0.6
MUFG,10,0.3,0.3,0.0,0.7
NAT,10,0.0,0.3,0.3,0.4
NBBK,10,0.4,0.4,0.0,0.6
NBTB,10,0.3,0.4,0.1,0.5
NEWT,10,0.3,0.3,0.0,0.7
NEXN,10,0.5,0.6,0.1,0.3
NFBK,10,0.2,0.4,0.2,0.4
NGG,10,0.4,0.5,0.1,0.4
NMFC,10,0.1,0.2,0.1,0.7
NOAH,10,-0.1,0.0,0.1,0.9
NOMD,10,0.0,0.2,0.2,0.6
NTB,10,0.1,0.2,0.1,0.7
NVGS,10,0.0,0.1,0.1,0.8
NWBI,10,0.4,0.4,0.0,0.6
NWE,10,0.3,0.4,0.1,0.5
NWG,10,0.1,0.2,0.1,0.7
NWN,10,0.3,0.4,0.1,0.5
OBK,10,0.1,0.2,0.1,0.7
OMF,10,0.0,0.3,0.3,0.4
ONB,10,0.3,0.3,0.0,0.7
ORC,10,0.0,0.2,0.2,0.6
ORI,10,-0.1,0.0,0.1,0.9
ORRF,10,0.2,0.3,0.1,0.6
OXLC,10,0.1,0.2,0.1,0.7
PAA,10,-0.3,0.0,0.3,0.7
PAGS,10,0.0,0.3,0.3,0.4
PB,10,0.5,0.5,0.0,0.5
PBR,10,0.0,0.2,0.2,0.6
PBR-A,10,-0.2,0.1,0.3,0.6
PFLT,10,-0.1,0.2,0.3,0.5
PFSI,10,-0.1,0.0,0.1,0.9
PKX,10,0.3,0.3,0.0,0.7
PNFP,10,0.1,0.3,0.2,0.5
POR,10,0.1,0.3,0.2,0.5
PUK,10,0.5,0.5,0.0,0.5
PVH,10,0.4,0.5,0.1,0.4
QFIN,10,0.4,0.4,0.0,0.6
REPX,10,0.2,0.3,0.1,0.6
RGA,10,0.2,0.4,0.2,0.4
RLGT,10,0.5,0.5,0.0,0.5
RMAX,10,0.3,0.3,0.0,0.7
RMR,10,-0.2,0.1,0.3,0.6
ROCK,10,-0.1,0.1,0.2,0.7
SAFE,10,0.3,0.3,0.0,0.7
SAN,10,0.4,0.4,0.0,0.6
SBCF,10,0.2,0.5,0.3,0.2
SBH,10,0.4,0.5,0.1,0.4
SCSC,10,0.0,0.3,0.3,0.4
SD,10,0.0,0.2,0.2,0.6
SEM,10,-0.3,0.1,0.4,0.5
SFNC,10,-0.1,0.0,0.1,0.9
SHBI,10,0.2,0.3,0.1,0.6
SHG,10,0.2,0.2,0.0,0.8
SKYW,10,0.5,0.5,0.0,0.5
SMFG,10,0.2,0.4,0.2,0.4
SMP,10,0.0,0.2,0.2,0.6
SNCY,10,-0.2,0.1,0.3,0.6
SNV,10,0.3,0.4,0.1,0.5
SNX,10,0.0,0.3,0.3,0.4
SR,10,0.3,0.4,0.1,0.5
SRCE,10,0.3,0.3,0.0,0.7
SSTK,10,-0.2,0.0,0.2,0.8
STOK,10,0.3,0.4,0.1,0.5
STRA,10,-0.1,0.0,0.1,0.9
SUNS,10,0.0,0.0,0.0,1.0
SVM,10,0.5,0.5,0.0,0.5
THG,10,0.3,0.3,0.0,0.7
TIGO,10,0.1,0.4,0.3,0.3
TIMB,10,0.4,0.4,0.0,0.6
TKC,10,0.2,0.2,0.0,0.8
TLK,10,0.1,0.2,0.1,0.7
TOWN,10,0.2,0.3,0.1,0.6
TRTX,10,0.3,0.4,0.1,0.5
TTI,10,-0.1,0.3,0.4,0.3
UBSI,10,0.3,0.3,0.0,0.7
UCB,10,-0.1,0.1,0.2,0.7
UFCS,10,0.2,0.2,0.0,0.8
UGI,10,0.2,0.2,0.0,0.8
UNM,10,-0.1,0.1,0.2,0.7
USNA,10,0.2,0.4,0.2,0.4
UVE,10,0.3,0.4,0.1,0.5
UVSP,10,0.1,0.2,0.1,0.7
VAC,10,-0.2,0.2,0.4,0.4
VALE,10,-0.1,0.0,0.1,0.9
VBTX,10,-0.1,0.2,0.3,0.5
VEL,10,0.2,0.3,0.1,0.6
VIOT,10,0.3,0.3,0.0,0.7
VIPS,10,0.4,0.4,0.0,0.6
VIV,10,0.4,0.4,0.0,0.6
VLY,10,0.2,0.3,0.1,0.6
VOD,10,0.2,0.2,0.0,0.8
VOYA,10,0.0,0.2,0.2,0.6
VRNT,10,-0.3,0.1,0.4,0.5
WAFD,10,0.2,0.2,0.0,0.8
WAL,10,0.1,0.3,0.2,0.5
WBS,10,0.1,0.1,0.0,0.9
WCC,10,0.4,0.5,0.1,0.4
WDH,10,0.3,0.3,0.0,0.7
WHWK,8,0.375,0.38,0.0,0.62
WSFS,10,0.2,0.2,0.0,0.8
WTFC,10,-0.1,0.0,0.1,0.9
WTRG,10,0.5,0.5,0.0,0.5
XPRO,10,-0.1,0.3,0.4,0.3
YALA,10,0.5,0.6,0.1,0.3
ZION,10,0.0,0.1,0.1,0.8
ZTO,10,0.0,0.1,0.1,0.8
TSM,10,0.2,0.3,0.1,0.6
SAP,10,0.2,0.4,0.2,0.4
ASML,10,0.0,0.2,0.2,0.6
SONY,10,0.5,0.5,0.0,0.5
ARM,10,-0.1,0.4,0.5,0.1
SHOP,10,0.1,0.3,0.2,0.5
APP,10,0.2,0.5,0.3,0.2
MSTR,10,0.0,0.1,0.1,0.8
INFY,10,0.1,0.4,0.3,0.3
SNOW,10,0.2,0.2,0.0,0.8
TEAM,10,0.3,0.4,0.1,0.5
MRVL,10,0.4,0.5,0.1,0.4
NET,10,0.3,0.4,0.1,0.5
DDOG,10,0.3,0.3,0.0,0.7
ZS,10,0.3,0.3,0.0,0.7
HUBS,10,0.2,0.4,0.2,0.4
MCHP,10,-0.1,0.2,0.3,0.5
NOK,10,-0.1,0.2,0.3,0.5
ERIC,10,0.1,0.2,0.1,0.7
IOT,10,0.3,0.5,0.2,0.3
UI,10,0.7,0.7,0.0,0.3
ZM,10,0.0,0.2,0.2,0.6
TOST,10,0.7,0.8,0.1,0.1
GIB,10,0.0,0.3,0.3,0.4
CHKP,10,0.3,0.5,0.2,0.3
DUOL,10,0.8,0.8,0.0,0.2
STM,10,0.0,0.2,0.2,0.6
NTNX,10,0.0,0.2,0.2,0.6
GFS,10,-0.3,0.1,0.4,0.5
OKTA,10,0.5,0.6,0.1,0.3
ASX,10,0.4,0.5,0.1,0.4
GRAB,10,0.5,0.6,0.1,0.3
UMC,10,0.1,0.2,0.1,0.7
SSNC,10,0.1,0.1,0.0,0.9
DOCU,10,0.0,0.2,0.2,0.6
PSTG,10,0.0,0.4,0.4,0.2
GWRE,10,0.5,0.5,0.0,0.5
TWLO,10,0.6,0.6,0.0,0.4
AFRM,10,0.5,0.6,0.1,0.3
FLEX,10,0.2,0.3,0.1,0.6
DT,10,0.4,0.4,0.0,0.6
KSPI,10,0.0,0.3,0.3,0.4
RBRK,10,0.0,0.1,0.1,0.8
CYBR,10,0.4,0.5,0.1,0.4
MNDY,10,0.4,0.4,0.0,0.6
BSY,10,0.5,0.5,0.0,0.5
ALAB,10,0.1,0.2,0.1,0.7
CLS,10,0.2,0.2,0.0,0.8
LOGI,10,-0.5,0.1,0.6,0.3
YMM,10,0.3,0.4,0.1,0.5
COHR,10,0.2,0.4,0.2,0.4
MANH,10,0.4,0.4,0.0,0.6
ENTG,10,0.3,0.3,0.0,0.7
CIEN,10,-0.2,0.2,0.4,0.4
AUR,10,-0.1,0.4,0.5,0.1
PCTY,10,0.3,0.3,0.0,0.7
CACI,10,0.4,0.4,0.0,0.6
PCOR,10,0.0,0.2,0.2,0.6
DOX,10,0.4,0.6,0.2,0.2
NICE,10,0.3,0.5,0.2,0.3
CRDO,10,0.1,0.4,0.3,0.3
WIX,10,0.0,0.1,0.1,0.8
ESTC,10,0.4,0.5,0.1,0.4
KVYO,10,0.1,0.2,0.1,0.7
KD,10,0.3,0.5,0.2,0.3
U,10,-0.1,0.1,0.2,0.7
MTSI,10,0.0,0.2,0.2,0.6
DBX,10,-0.3,0.1,0.4,0.5
GTLB,10,0.5,0.6,0.1,0.3
FOUR,10,0.5,0.5,0.0,0.5
G,10,0.3,0.3,0.0,0.7
CVLT,10,0.2,0.3,0.1,0.6
ASTS,10,0.1,0.3,0.2,0.5
IONQ,10,0.3,0.3,0.0,0.7
QRVO,10,0.3,0.4,0.1,0.5
OTEX,10,0.1,0.3,0.2,0.5
CFLT,10,-0.5,0.1,0.6,0.3
OLED,10,0.3,0.4,0.1,0.5
PSN,10,0.3,0.5,0.2,0.3
LSCC,10,0.3,0.4,0.1,0.5
SRAD,10,0.6,0.6,0.0,0.4
PATH,10,-0.2,0.1,0.3,0.6
LYFT,10,0.8,0.8,0.0,0.2
QXO,10,0.1,0.3,0.2,0.5
SATS,10,-0.3,0.2,0.5,0.3
OS,10,0.2,0.5,0.3,0.2
S,10,0.1,0.3,0.2,0.5
PONY,10,0.3,0.3,0.0,0.7
ARW,10,0.4,0.4,0.0,0.6
SAIC,10,0.3,0.4,0.1,0.5
MKSI,10,0.4,0.4,0.0,0.6
INFA,10,0.1,0.2,0.1,0.7
CCCS,10,0.0,0.3,0.3,0.4
VNT,10,0.3,0.3,0.0,0.7
WEX,10,-0.1,0.1,0.2,0.7
IDCC,10,0.5,0.5,0.0,0.5
QTWO,10,0.0,0.1,0.1,0.8
LFUS,10,0.3,0.3,0.0,0.7
CGNX,10,0.0,0.3,0.3,0.4
LITE,10,0.5,0.5,0.0,0.5
VRNS,10,0.1,0.3,0.2,0.5
ITRI,10,0.2,0.2,0.0,0.8
ALGM,10,-0.2,0.1,0.3,0.6
QLYS,10,0.5,0.5,0.0,0.5
EEFT,10,0.2,0.3,0.1,0.6
AMKR,10,-0.1,0.2,0.3,0.5
