Ticker,Ticker_used,Company,message_count,positive_ratio,neutral_ratio,negative_ratio,Source
ACA.PA,Reddit,CREDIT AGRICOLE,20,0.0,0.05,0.95,Reddit
AI.PA,air,AIR LIQUIDE,30,0.0,0.33,0.67,https://stocktwits.com/message/613542561 : 1.0 // https://stocktwits.com/message/612553038 : 0.809 // https://stocktwits.com/message/612486342 : 1.0 // https://stocktwits.com/message/610793169 : 0.987 // https://stocktwits.com/message/610067205 : 1.0 // https://stocktwits.com/message/609665681 : 1.0 // https://stocktwits.com/message/609605043 : 0.978 // https://stocktwits.com/message/609548174 : 1.0 // https://stocktwits.com/message/609535876 : 1.0 // https://stocktwits.com/message/609513261 : 0.996 // https://stocktwits.com/message/609509500 : 0.996 // https://stocktwits.com/message/609502549 : 1.0 // https://stocktwits.com/message/609501208 : 1.0 // https://stocktwits.com/message/609493673 : 0.774 // https://stocktwits.com/message/609490908 : 0.994 // https://stocktwits.com/message/609482525 : 0.995 // https://stocktwits.com/message/609479606 : 1.0 // https://stocktwits.com/message/609479363 : 1.0 // https://stocktwits.com/message/609452614 : 1.0 // https://stocktwits.com/message/609452329 : 1.0 // https://stocktwits.com/message/609434559 : 1.0 // https://stocktwits.com/message/609428241 : 1.0 // https://stocktwits.com/message/609058081 : 1.0 // https://stocktwits.com/message/608165827 : 1.0 // https://stocktwits.com/message/607888368 : 1.0 // https://stocktwits.com/message/607746057 : 1.0 // https://stocktwits.com/message/607669624 : 0.994 // https://stocktwits.com/message/606674617 : 0.966 // https://stocktwits.com/message/606385584 : 0.989 // https://stocktwits.com/message/605606428 : 1.0
AIR.PA,EADSY,AIRBUS SE,30,0.03,0.2,0.77,https://stocktwits.com/message/613137978 : 0.95 // https://stocktwits.com/message/613127309 : 1.0 // https://stocktwits.com/message/612856568 : 1.0 // https://stocktwits.com/message/612852169 : 1.0 // https://stocktwits.com/message/612852131 : 1.0 // https://stocktwits.com/message/612843742 : 1.0 // https://stocktwits.com/message/612841791 : 1.0 // https://stocktwits.com/message/611738724 : 1.0 // https://stocktwits.com/message/611054886 : 1.0 // https://stocktwits.com/message/610847290 : 1.0 // https://stocktwits.com/message/610844187 : 1.0 // https://stocktwits.com/message/610840682 : 1.0 // https://stocktwits.com/message/610562064 : 0.82 // https://stocktwits.com/message/610377747 : 1.0 // https://stocktwits.com/message/609733105 : 1.0 // https://stocktwits.com/message/609637801 : 1.0 // https://stocktwits.com/message/609259861 : 0.885 // https://stocktwits.com/message/608990024 : 0.795 // https://stocktwits.com/message/608506167 : 1.0 // https://stocktwits.com/message/608456077 : 0.55 // https://stocktwits.com/message/607753990 : 0.998 // https://stocktwits.com/message/607061635 : 1.0 // https://stocktwits.com/message/606829324 : 1.0 // https://stocktwits.com/message/606664387 : 1.0 // https://stocktwits.com/message/605613679 : 1.0 // https://stocktwits.com/message/605328344 : 1.0 // https://stocktwits.com/message/604996221 : 0.998 // https://stocktwits.com/message/604954171 : 1.0 // https://stocktwits.com/message/604559136 : 0.999 // https://stocktwits.com/message/602850188 : 1.0
ALO.PA,Reddit,ALSTOM,20,0.0,0.05,0.95,Reddit
BN.PA,DANOY,DANONE,30,0.07,0.33,0.6,https://stocktwits.com/message/614262777 : 0.939 // https://stocktwits.com/message/612044582 : 0.994 // https://stocktwits.com/message/610321576 : 0.996 // https://stocktwits.com/message/605663934 : 0.977 // https://stocktwits.com/message/605587159 : 0.994 // https://stocktwits.com/message/604080006 : 1.0 // https://stocktwits.com/message/600647375 : 0.999 // https://stocktwits.com/message/592879847 : 1.0 // https://stocktwits.com/message/590257796 : 1.0 // https://stocktwits.com/message/587024768 : 0.999 // https://stocktwits.com/message/581248548 : 1.0 // https://stocktwits.com/message/581248527 : 1.0 // https://stocktwits.com/message/578580145 : 0.999 // https://stocktwits.com/message/569983730 : 1.0 // https://stocktwits.com/message/569983715 : 1.0 // https://stocktwits.com/message/569679817 : 1.0 // https://stocktwits.com/message/562992142 : 0.696 // https://stocktwits.com/message/562551435 : 1.0 // https://stocktwits.com/message/562551307 : 1.0 // https://stocktwits.com/message/562551280 : 1.0 // https://stocktwits.com/message/557887352 : 1.0 // https://stocktwits.com/message/557397393 : 1.0 // https://stocktwits.com/message/556383122 : 1.0 // https://stocktwits.com/message/556381902 : 1.0 // https://stocktwits.com/message/555264058 : 1.0 // https://stocktwits.com/message/550212689 : 1.0 // https://stocktwits.com/message/549080310 : 1.0 // https://stocktwits.com/message/547287747 : 0.933 // https://stocktwits.com/message/547020742 : 1.0 // https://stocktwits.com/message/543902312 : 1.0
BNP.PA,BNPQY,BNP PARIBAS ACT.A,28,0.14,0.18,0.68,https://stocktwits.com/message/610214602 : 1.0 // https://stocktwits.com/message/608782055 : 1.0 // https://stocktwits.com/message/601797927 : 0.994 // https://stocktwits.com/message/595294078 : 1.0 // https://stocktwits.com/message/593777073 : 0.625 // https://stocktwits.com/message/589648320 : 1.0 // https://stocktwits.com/message/586890645 : 0.92 // https://stocktwits.com/message/586825040 : 0.999 // https://stocktwits.com/message/586695792 : 1.0 // https://stocktwits.com/message/586652820 : 0.592 // https://stocktwits.com/message/586618161 : 1.0 // https://stocktwits.com/message/582443514 : 0.998 // https://stocktwits.com/message/581383444 : 1.0 // https://stocktwits.com/message/577396003 : 0.59 // https://stocktwits.com/message/568069222 : 0.994 // https://stocktwits.com/message/559969161 : 0.999 // https://stocktwits.com/message/558677940 : 0.832 // https://stocktwits.com/message/558621454 : 0.832 // https://stocktwits.com/message/555747628 : 0.985 // https://stocktwits.com/message/550896229 : 0.996 // https://stocktwits.com/message/549142824 : 0.997 // https://stocktwits.com/message/547656015 : 0.999 // https://stocktwits.com/message/547448517 : 0.996 // https://stocktwits.com/message/544449889 : 0.999 // https://stocktwits.com/message/542755723 : 1.0 // https://stocktwits.com/message/539606943 : 0.889 // https://stocktwits.com/message/539565126 : 1.0 // https://stocktwits.com/message/539563655 : 1.0
CA.PA,CRRFY,CARREFOUR,23,0.04,0.17,0.78,https://stocktwits.com/message/597276535 : 0.652 // https://stocktwits.com/message/585344701 : 0.987 // https://stocktwits.com/message/558026300 : 0.992 // https://stocktwits.com/message/556680101 : 1.0 // https://stocktwits.com/message/556662244 : 0.976 // https://stocktwits.com/message/556088652 : 1.0 // https://stocktwits.com/message/556088530 : 0.607 // https://stocktwits.com/message/553711633 : 1.0 // https://stocktwits.com/message/543841697 : 0.999 // https://stocktwits.com/message/543841647 : 0.999 // https://stocktwits.com/message/537570786 : 0.747 // https://stocktwits.com/message/533846308 : 0.908 // https://stocktwits.com/message/530175965 : 1.0 // https://stocktwits.com/message/527730846 : 1.0 // https://stocktwits.com/message/510766168 : 0.947 // https://stocktwits.com/message/499539269 : 0.803 // https://stocktwits.com/message/496510534 : 0.999 // https://stocktwits.com/message/494650906 : 0.887 // https://stocktwits.com/message/494021877 : 1.0 // https://stocktwits.com/message/492845628 : 1.0 // https://stocktwits.com/message/489747703 : 1.0 // https://stocktwits.com/message/481866547 : 0.858 // https://stocktwits.com/message/474643177 : 0.997
CAP.PA,Reddit,CAPGEMINI,20,0.0,0.05,0.95,Reddit
CS.PA,AXAHY,AXA,27,0.0,0.37,0.63,https://stocktwits.com/message/36483532 : 0.999 // https://stocktwits.com/message/30084388 : 1.0 // https://stocktwits.com/message/28059882 : 1.0 // https://stocktwits.com/message/25433190 : 0.799 // https://stocktwits.com/message/25346150 : 1.0 // https://stocktwits.com/message/25345263 : 0.851 // https://stocktwits.com/message/23345462 : 1.0 // https://stocktwits.com/message/23291994 : 1.0 // https://stocktwits.com/message/23290991 : 0.997 // https://stocktwits.com/message/23035070 : 1.0 // https://stocktwits.com/message/23034910 : 0.997 // https://stocktwits.com/message/21837298 : 1.0 // https://stocktwits.com/message/21162694 : 1.0 // https://stocktwits.com/message/20303232 : 0.721 // https://stocktwits.com/message/20206223 : 1.0 // https://stocktwits.com/message/20093637 : 1.0 // https://stocktwits.com/message/19955868 : 1.0 // https://stocktwits.com/message/18345053 : 1.0 // https://stocktwits.com/message/17987032 : 1.0 // https://stocktwits.com/message/17838304 : 1.0 // https://stocktwits.com/message/15817329 : 0.998 // https://stocktwits.com/message/15029623 : 1.0 // https://stocktwits.com/message/14954707 : 0.997 // https://stocktwits.com/message/7871470 : 1.0 // https://stocktwits.com/message/7157852 : 1.0 // https://stocktwits.com/message/3361584 : 1.0 // https://stocktwits.com/message/968891 : 1.0
EL.PA,Reddit,ESSILORLUXOTTICA,20,0.0,0.2,0.8,Reddit
EN.PA,Reddit,BOUYGUES,20,0.0,0.0,1.0,Reddit
ENGI.PA,ENGIY,ENGIE,13,0.0,0.15,0.85,https://stocktwits.com/message/605859716 : 1.0 // https://stocktwits.com/message/605811959 : 0.958 // https://stocktwits.com/message/598488762 : 1.0 // https://stocktwits.com/message/598471053 : 1.0 // https://stocktwits.com/message/598467352 : 1.0 // https://stocktwits.com/message/598457676 : 1.0 // https://stocktwits.com/message/591536013 : 0.992 // https://stocktwits.com/message/579895996 : 0.996 // https://stocktwits.com/message/559162974 : 0.996 // https://stocktwits.com/message/547447357 : 0.887 // https://stocktwits.com/message/545132949 : 1.0 // https://stocktwits.com/message/539237218 : 1.0 // https://stocktwits.com/message/537964090 : 1.0
FR.PA,Reddit,VALEO,20,0.05,0.0,0.95,Reddit
GLE.PA,Reddit,SOCIETE GENERALE,20,0.1,0.0,0.9,Reddit
HO.PA,Reddit,THALES,20,0.0,0.0,1.0,Reddit
KER.PA,Reddit,KERING,20,0.0,0.0,1.0,Reddit
LR.PA,Reddit,LEGRAND,20,0.1,0.05,0.85,Reddit
MC.PA,LVMUY,LVMH,30,0.17,0.1,0.73,https://stocktwits.com/message/614617921 : 1.0 // https://stocktwits.com/message/614381134 : 1.0 // https://stocktwits.com/message/614285481 : 1.0 // https://stocktwits.com/message/614112915 : 1.0 // https://stocktwits.com/message/614068495 : 1.0 // https://stocktwits.com/message/614045246 : 0.993 // https://stocktwits.com/message/613957584 : 1.0 // https://stocktwits.com/message/613947269 : 0.655 // https://stocktwits.com/message/613260863 : 1.0 // https://stocktwits.com/message/613076568 : 0.531 // https://stocktwits.com/message/612893445 : 0.999 // https://stocktwits.com/message/612318242 : 1.0 // https://stocktwits.com/message/612268527 : 0.987 // https://stocktwits.com/message/612159818 : 0.993 // https://stocktwits.com/message/612118203 : 0.726 // https://stocktwits.com/message/612098895 : 1.0 // https://stocktwits.com/message/611840945 : 1.0 // https://stocktwits.com/message/611834335 : 1.0 // https://stocktwits.com/message/611828410 : 0.713 // https://stocktwits.com/message/611778920 : 1.0 // https://stocktwits.com/message/611778550 : 0.629 // https://stocktwits.com/message/611734961 : 1.0 // https://stocktwits.com/message/611724762 : 0.998 // https://stocktwits.com/message/611675684 : 0.998 // https://stocktwits.com/message/611659954 : 1.0 // https://stocktwits.com/message/611658122 : 1.0 // https://stocktwits.com/message/611654881 : 1.0 // https://stocktwits.com/message/611653685 : 1.0 // https://stocktwits.com/message/611643834 : 0.988 // https://stocktwits.com/message/611597565 : 0.999
ML.PA,MLPA,MICHELIN,16,0.0,0.19,0.81,https://stocktwits.com/message/613627584 : 1.0 // https://stocktwits.com/message/607736964 : 1.0 // https://stocktwits.com/message/607365034 : 1.0 // https://stocktwits.com/message/590457001 : 1.0 // https://stocktwits.com/message/584570598 : 1.0 // https://stocktwits.com/message/561322414 : 1.0 // https://stocktwits.com/message/560099593 : 0.71 // https://stocktwits.com/message/550269294 : 1.0 // https://stocktwits.com/message/541956782 : 0.977 // https://stocktwits.com/message/538122467 : 0.998 // https://stocktwits.com/message/533750742 : 0.999 // https://stocktwits.com/message/522463652 : 0.993 // https://stocktwits.com/message/514371045 : 1.0 // https://stocktwits.com/message/505255284 : 0.992 // https://stocktwits.com/message/499003121 : 0.978 // https://stocktwits.com/message/496921919 : 0.999
MT.AS,Reddit,ARCELORMITTAL SA,20,0.1,0.0,0.9,Reddit
OR.PA,LRLCY,L'OREAL,30,0.13,0.3,0.57,https://stocktwits.com/message/612666971 : 0.99 // https://stocktwits.com/message/612491102 : 1.0 // https://stocktwits.com/message/612360692 : 0.999 // https://stocktwits.com/message/607593752 : 0.999 // https://stocktwits.com/message/606059259 : 0.94 // https://stocktwits.com/message/603297364 : 1.0 // https://stocktwits.com/message/603284444 : 1.0 // https://stocktwits.com/message/601780205 : 0.99 // https://stocktwits.com/message/600670360 : 1.0 // https://stocktwits.com/message/600269504 : 0.999 // https://stocktwits.com/message/598579693 : 1.0 // https://stocktwits.com/message/595416242 : 1.0 // https://stocktwits.com/message/595225572 : 0.994 // https://stocktwits.com/message/594503854 : 1.0 // https://stocktwits.com/message/593963722 : 0.954 // https://stocktwits.com/message/593139229 : 1.0 // https://stocktwits.com/message/591851532 : 0.983 // https://stocktwits.com/message/591602326 : 1.0 // https://stocktwits.com/message/591102459 : 1.0 // https://stocktwits.com/message/589864293 : 0.93 // https://stocktwits.com/message/589788065 : 1.0 // https://stocktwits.com/message/589760716 : 0.999 // https://stocktwits.com/message/589672658 : 0.94 // https://stocktwits.com/message/587049102 : 1.0 // https://stocktwits.com/message/582571032 : 0.678 // https://stocktwits.com/message/579426202 : 1.0 // https://stocktwits.com/message/578662152 : 1.0 // https://stocktwits.com/message/578121430 : 1.0 // https://stocktwits.com/message/578103865 : 1.0 // https://stocktwits.com/message/576434704 : 0.989
ORA.PA,ORAN,ORANGE,30,0.03,0.13,0.83,https://stocktwits.com/message/611988543 : 1.0 // https://stocktwits.com/message/607214968 : 1.0 // https://stocktwits.com/message/604751658 : 1.0 // https://stocktwits.com/message/604242201 : 1.0 // https://stocktwits.com/message/602267614 : 1.0 // https://stocktwits.com/message/587982743 : 1.0 // https://stocktwits.com/message/585236901 : 0.984 // https://stocktwits.com/message/583269324 : 0.984 // https://stocktwits.com/message/575189713 : 0.994 // https://stocktwits.com/message/575047537 : 0.879 // https://stocktwits.com/message/574663991 : 0.997 // https://stocktwits.com/message/573293007 : 0.983 // https://stocktwits.com/message/573288205 : 0.993 // https://stocktwits.com/message/572934745 : 0.997 // https://stocktwits.com/message/572397091 : 0.996 // https://stocktwits.com/message/571503046 : 1.0 // https://stocktwits.com/message/570573961 : 0.999 // https://stocktwits.com/message/568897945 : 1.0 // https://stocktwits.com/message/568896809 : 0.748 // https://stocktwits.com/message/563043509 : 0.996 // https://stocktwits.com/message/562143658 : 1.0 // https://stocktwits.com/message/560061791 : 0.991 // https://stocktwits.com/message/559775776 : 0.986 // https://stocktwits.com/message/559456263 : 1.0 // https://stocktwits.com/message/558477067 : 1.0 // https://stocktwits.com/message/557936068 : 0.999 // https://stocktwits.com/message/557542760 : 1.0 // https://stocktwits.com/message/556773237 : 0.979 // https://stocktwits.com/message/556269204 : 0.958 // https://stocktwits.com/message/556137345 : 0.956
PUB.PA,Reddit,PUBLICIS GROUPE SA,20,0.0,0.0,1.0,Reddit
RI.PA,Reddit,PERNOD RICARD,20,0.05,0.2,0.75,Reddit
RMS.PA,Reddit,HERMES INTL,20,0.0,0.0,1.0,Reddit
RNO.PA,Reddit,RENAULT,20,0.05,0.1,0.85,Reddit
SAF.PA,fran,SAFRAN,27,0.0,0.0,1.0,https://stocktwits.com/message/522893623 : 0.963 // https://stocktwits.com/message/511300347 : 0.992 // https://stocktwits.com/message/487181887 : 1.0 // https://stocktwits.com/message/483693307 : 1.0 // https://stocktwits.com/message/473180341 : 0.608 // https://stocktwits.com/message/471601185 : 0.608 // https://stocktwits.com/message/464430645 : 1.0 // https://stocktwits.com/message/450487898 : 0.608 // https://stocktwits.com/message/448627452 : 0.608 // https://stocktwits.com/message/440860101 : 1.0 // https://stocktwits.com/message/440822189 : 1.0 // https://stocktwits.com/message/437715792 : 1.0 // https://stocktwits.com/message/435243975 : 1.0 // https://stocktwits.com/message/421426157 : 1.0 // https://stocktwits.com/message/414693214 : 1.0 // https://stocktwits.com/message/410536506 : 1.0 // https://stocktwits.com/message/401765361 : 1.0 // https://stocktwits.com/message/398113494 : 1.0 // https://stocktwits.com/message/397057330 : 1.0 // https://stocktwits.com/message/394691098 : 1.0 // https://stocktwits.com/message/376521807 : 1.0 // https://stocktwits.com/message/374477959 : 0.753 // https://stocktwits.com/message/374228376 : 0.999 // https://stocktwits.com/message/374227985 : 1.0 // https://stocktwits.com/message/372290002 : 0.999 // https://stocktwits.com/message/372095166 : 1.0 // https://stocktwits.com/message/372094833 : 0.999
SAN.PA,SNY,SANOFI,30,0.07,0.33,0.6,https://stocktwits.com/message/615020091 : 1.0 // https://stocktwits.com/message/614827622 : 0.601 // https://stocktwits.com/message/614824214 : 0.999 // https://stocktwits.com/message/614724150 : 1.0 // https://stocktwits.com/message/614630279 : 1.0 // https://stocktwits.com/message/614626319 : 0.99 // https://stocktwits.com/message/614378395 : 1.0 // https://stocktwits.com/message/613988502 : 1.0 // https://stocktwits.com/message/613966788 : 0.956 // https://stocktwits.com/message/613915047 : 0.996 // https://stocktwits.com/message/613792096 : 1.0 // https://stocktwits.com/message/613785301 : 1.0 // https://stocktwits.com/message/613766049 : 1.0 // https://stocktwits.com/message/613754521 : 0.996 // https://stocktwits.com/message/613672017 : 1.0 // https://stocktwits.com/message/613534178 : 1.0 // https://stocktwits.com/message/613523048 : 1.0 // https://stocktwits.com/message/613505770 : 0.999 // https://stocktwits.com/message/613470430 : 0.999 // https://stocktwits.com/message/613367606 : 1.0 // https://stocktwits.com/message/613353783 : 0.867 // https://stocktwits.com/message/613347029 : 1.0 // https://stocktwits.com/message/613270255 : 1.0 // https://stocktwits.com/message/613184703 : 1.0 // https://stocktwits.com/message/613128543 : 1.0 // https://stocktwits.com/message/613084666 : 0.971 // https://stocktwits.com/message/613001700 : 1.0 // https://stocktwits.com/message/612950886 : 1.0 // https://stocktwits.com/message/612948140 : 0.99 // https://stocktwits.com/message/612831310 : 0.994
SGO.PA,Reddit,SAINT GOBAIN,20,0.05,0.1,0.85,Reddit
STMPA.PA,Reddit,STMICROELECTRONICS,20,0.1,0.0,0.9,Reddit
SU.PA,SBGSY,SCHNEIDER ELECTRIC SE,10,0.0,0.2,0.8,https://stocktwits.com/message/611096901 : 1.0 // https://stocktwits.com/message/609000361 : 1.0 // https://stocktwits.com/message/608463212 : 0.994 // https://stocktwits.com/message/608460742 : 1.0 // https://stocktwits.com/message/605037758 : 0.975 // https://stocktwits.com/message/604989588 : 1.0 // https://stocktwits.com/message/604758171 : 0.836 // https://stocktwits.com/message/595118291 : 1.0 // https://stocktwits.com/message/595116896 : 0.97 // https://stocktwits.com/message/592031131 : 1.0
SW.PA,Reddit,SODEXO,20,0.0,0.0,1.0,Reddit
TTE.PA,TTE,TOTALENERGIES,30,0.03,0.23,0.73,https://stocktwits.com/message/614562939 : 0.993 // https://stocktwits.com/message/614471360 : 0.797 // https://stocktwits.com/message/614412005 : 1.0 // https://stocktwits.com/message/614049190 : 0.998 // https://stocktwits.com/message/613636031 : 1.0 // https://stocktwits.com/message/613347315 : 1.0 // https://stocktwits.com/message/613085434 : 1.0 // https://stocktwits.com/message/612891469 : 0.993 // https://stocktwits.com/message/612601306 : 1.0 // https://stocktwits.com/message/612341094 : 1.0 // https://stocktwits.com/message/612277044 : 1.0 // https://stocktwits.com/message/612265570 : 0.979 // https://stocktwits.com/message/612146274 : 0.995 // https://stocktwits.com/message/611869581 : 1.0 // https://stocktwits.com/message/611657752 : 0.83 // https://stocktwits.com/message/611657559 : 0.981 // https://stocktwits.com/message/611433488 : 0.927 // https://stocktwits.com/message/610763443 : 1.0 // https://stocktwits.com/message/609590372 : 1.0 // https://stocktwits.com/message/609409857 : 0.843 // https://stocktwits.com/message/609258524 : 0.998 // https://stocktwits.com/message/608317091 : 1.0 // https://stocktwits.com/message/608212104 : 0.985 // https://stocktwits.com/message/608020313 : 0.999 // https://stocktwits.com/message/607902811 : 0.998 // https://stocktwits.com/message/607808173 : 0.962 // https://stocktwits.com/message/607753300 : 1.0 // https://stocktwits.com/message/607310380 : 1.0 // https://stocktwits.com/message/607310361 : 0.965 // https://stocktwits.com/message/607277189 : 0.941
VIE.PA,Reddit,VEOLIA ENVIRON.,20,0.0,0.05,0.95,Reddit
VIV.PA,Reddit,VIVENDI SE,20,0.0,0.0,1.0,Reddit
